<?xml version="1.0" encoding="UTF-8"?>
<!DOCTYPE suite SYSTEM "http://testng.org/testng-1.0.dtd">
<suite name="TestAll">
  <test  name="Test">
    <classes>
    	 <class name="Synack.UITestSuite.HerokuappLoginTest"/>
    	 <class name="Synack.UITestSuite.HerokuappDynamicPage"/>
      <class name="Synack.UITestSuite.HerokuappNotificationMessageTest"/>
      <class name="Synack.UITestSuite.HerokuappNotificationHoverTest"/>
      <class name="Synack.UITestSuite.HerokuappDisappearElementTest"/>
      
    </classes>
  </test> <!-- Test -->
  
</suite> <!-- Suite -->
